id,nome,urlFoto,email
204379,Acácio Favacho,https://www.camara.leg.br/internet/deputado/bandep/204379.jpg,dep.acaciofavacho@camara.leg.br
220714,Adail Filho,https://www.camara.leg.br/internet/deputado/bandep/220714.jpg,dep.adailfilho@camara.leg.br
221328,Adilson Barroso,https://www.camara.leg.br/internet/deputado/bandep/221328.jpg,dep.adilsonbarroso@camara.leg.br
204560,Adolfo Viana,https://www.camara.leg.br/internet/deputado/bandep/204560.jpg,dep.adolfoviana@camara.leg.br
204528,Adriana Ventura,https://www.camara.leg.br/internet/deputado/bandep/204528.jpg,dep.adrianaventura@camara.leg.br
121948,Adriano do Baldy,https://www.camara.leg.br/internet/deputado/bandep/121948.jpg,dep.adrianodobaldy@camara.leg.br
74646,Aécio Neves,https://www.camara.leg.br/internet/deputado/bandep/74646.jpg,dep.aecioneves@camara.leg.br
136811,Afonso Hamm,https://www.camara.leg.br/internet/deputado/bandep/136811.jpg,dep.afonsohamm@camara.leg.br
178835,Afonso Motta,https://www.camara.leg.br/internet/deputado/bandep/178835.jpg,dep.afonsomotta@camara.leg.br
160527,Aguinaldo Ribeiro,https://www.camara.leg.br/internet/deputado/bandep/160527.jpg,dep.aguinaldoribeiro@camara.leg.br
204495,Airton Faleiro,https://www.camara.leg.br/internet/deputado/bandep/204495.jpg,dep.airtonfaleiro@camara.leg.br
204549,AJ Albuquerque,https://www.camara.leg.br/internet/deputado/bandep/204549.jpg,dep.ajalbuquerque@camara.leg.br
73579,Alberto Fraga,https://www.camara.leg.br/internet/deputado/bandep/73579.jpg,dep.albertofraga@camara.leg.br
220538,Albuquerque,https://www.camara.leg.br/internet/deputado/bandep/220538.jpg,dep.albuquerque@camara.leg.br
160559,Alceu Moreira,https://www.camara.leg.br/internet/deputado/bandep/160559.jpg,dep.alceumoreira@camara.leg.br
204501,Alencar Santana,https://www.camara.leg.br/internet/deputado/bandep/204501.jpg,dep.alencarsantana@camara.leg.br
178972,Alex Manente,https://www.camara.leg.br/internet/deputado/bandep/178972.jpg,dep.alexmanente@camara.leg.br
204571,Alex Santana,https://www.camara.leg.br/internet/deputado/bandep/204571.jpg,dep.alexsantana@camara.leg.br
220542,Alexandre Guimarães,https://www.camara.leg.br/internet/deputado/bandep/220542.jpg,dep.alexandreguimaraes@camara.leg.br
220554,Alexandre Lindenmeyer,https://www.camara.leg.br/internet/deputado/bandep/220554.jpg,dep.alexandrelindenmeyer@camara.leg.br
221148,Alfredinho,https://www.camara.leg.br/internet/deputado/bandep/221148.jpg,dep.alfredinho@camara.leg.br
220576,Alfredo Gaspar,https://www.camara.leg.br/internet/deputado/bandep/220576.jpg,dep.alfredogaspar@camara.leg.br
74057,Alice Portugal,https://www.camara.leg.br/internet/deputado/bandep/74057.jpg,dep.aliceportugal@camara.leg.br
178927,Aliel Machado,https://www.camara.leg.br/internet/deputado/bandep/178927.jpg,dep.alielmachado@camara.leg.br
226708,Allan Garcês,https://www.camara.leg.br/internet/deputado/bandep/226708.jpg,dep.allangarces@camara.leg.br
178937,Altineu Côrtes,https://www.camara.leg.br/internet/deputado/bandep/178937.jpg,dep.altineucortes@camara.leg.br
178881,Aluisio Mendes,https://www.camara.leg.br/internet/deputado/bandep/178881.jpg,dep.aluisiomendes@camara.leg.br
220707,Amanda Gentil,https://www.camara.leg.br/internet/deputado/bandep/220707.jpg,dep.amandagentil@camara.leg.br
204356,Amaro Neto,https://www.camara.leg.br/internet/deputado/bandep/204356.jpg,dep.amaroneto@camara.leg.br
220715,Amom Mandel,https://www.camara.leg.br/internet/deputado/bandep/220715.jpg,dep.amommandel@camara.leg.br
107970,Ana Paula Leão,https://www.camara.leg.br/internet/deputado/bandep/107970.jpg,dep.anapaulaleao@camara.leg.br
220556,Ana Paula Lima,https://www.camara.leg.br/internet/deputado/bandep/220556.jpg,dep.anapaulalima@camara.leg.br
220632,Ana Pimentel,https://www.camara.leg.br/internet/deputado/bandep/220632.jpg,dep.anapimentel@camara.leg.br
220657,André Fernandes,https://www.camara.leg.br/internet/deputado/bandep/220657.jpg,dep.andrefernandes@camara.leg.br
204423,André Ferreira,https://www.camara.leg.br/internet/deputado/bandep/204423.jpg,dep.andreferreira@camara.leg.br
133439,André Figueiredo,https://www.camara.leg.br/internet/deputado/bandep/133439.jpg,dep.andrefigueiredo@camara.leg.br
204515,André Janones,https://www.camara.leg.br/internet/deputado/bandep/204515.jpg,dep.andrejanones@camara.leg.br
220676,Andreia Siqueira,https://www.camara.leg.br/internet/deputado/bandep/220676.jpg,dep.andreiasiqueira@camara.leg.br
123756,Antônia Lúcia,https://www.camara.leg.br/internet/deputado/bandep/123756.jpg,dep.antonialucia@camara.leg.br
220544,Antonio Andrade,https://www.camara.leg.br/internet/deputado/bandep/220544.jpg,dep.antonioandrade@camara.leg.br
160553,Antonio Brito,https://www.camara.leg.br/internet/deputado/bandep/160553.jpg,dep.antoniobrito@camara.leg.br
220638,Antonio Carlos Rodrigues,https://www.camara.leg.br/internet/deputado/bandep/220638.jpg,dep.antoniocarlosrodrigues@camara.leg.br
220675,Antônio Doido,https://www.camara.leg.br/internet/deputado/bandep/220675.jpg,dep.antoniodoido@camara.leg.br
220549,Any Ortiz,https://www.camara.leg.br/internet/deputado/bandep/220549.jpg,dep.anyortiz@camara.leg.br
73433,Arlindo Chinaglia,https://www.camara.leg.br/internet/deputado/bandep/73433.jpg,dep.arlindochinaglia@camara.leg.br
141391,Arnaldo Jardim,https://www.camara.leg.br/internet/deputado/bandep/141391.jpg,dep.arnaldojardim@camara.leg.br
160541,Arthur Lira,https://www.camara.leg.br/internet/deputado/bandep/160541.jpg,dep.arthurlira@camara.leg.br
160600,Arthur Oliveira Maia,https://www.camara.leg.br/internet/deputado/bandep/160600.jpg,dep.arthuroliveiramaia@camara.leg.br
74090,Átila Lins,https://www.camara.leg.br/internet/deputado/bandep/74090.jpg,dep.atilalins@camara.leg.br
123086,Átila Lira,https://www.camara.leg.br/internet/deputado/bandep/123086.jpg,dep.atilalira@camara.leg.br
160665,Augusto Coutinho,https://www.camara.leg.br/internet/deputado/bandep/160665.jpg,dep.augustocoutinho@camara.leg.br
220577,Augusto Puppio,https://www.camara.leg.br/internet/deputado/bandep/220577.jpg,dep.augustopuppio@camara.leg.br
160512,Aureo Ribeiro,https://www.camara.leg.br/internet/deputado/bandep/160512.jpg,dep.aureoribeiro@camara.leg.br
69871,Bacelar,https://www.camara.leg.br/internet/deputado/bandep/69871.jpg,dep.bacelar@camara.leg.br
178975,Baleia Rossi,https://www.camara.leg.br/internet/deputado/bandep/178975.jpg,dep.baleiarossi@camara.leg.br
220605,Bandeira de Mello,https://www.camara.leg.br/internet/deputado/bandep/220605.jpg,dep.bandeirademello@camara.leg.br
220612,Bebeto,https://www.camara.leg.br/internet/deputado/bandep/220612.jpg,dep.bebeto@camara.leg.br
73701,Benedita da Silva,https://www.camara.leg.br/internet/deputado/bandep/73701.jpg,dep.beneditadasilva@camara.leg.br
109429,Benes Leocádio,https://www.camara.leg.br/internet/deputado/bandep/109429.jpg,dep.benesleocadio@camara.leg.br
204358,Beto Pereira,https://www.camara.leg.br/internet/deputado/bandep/204358.jpg,dep.betopereira@camara.leg.br
220683,Beto Richa,https://www.camara.leg.br/internet/deputado/bandep/220683.jpg,dep.betoricha@camara.leg.br
204374,Bia Kicis,https://www.camara.leg.br/internet/deputado/bandep/204374.jpg,dep.biakicis@camara.leg.br
204388,Bibo Nunes,https://www.camara.leg.br/internet/deputado/bandep/204388.jpg,dep.bibonunes@camara.leg.br
160538,Bohn Gass,https://www.camara.leg.br/internet/deputado/bandep/160538.jpg,dep.bohngass@camara.leg.br
210989,Bruno Farias,https://www.camara.leg.br/internet/deputado/bandep/210989.jpg,dep.brunofarias@camara.leg.br
220635,Bruno Ganem,https://www.camara.leg.br/internet/deputado/bandep/220635.jpg,dep.brunoganem@camara.leg.br
220574,Cabo Gilberto Silva,https://www.camara.leg.br/internet/deputado/bandep/220574.jpg,dep.cabogilbertosilva@camara.leg.br
143942,Caio Vianna,https://www.camara.leg.br/internet/deputado/bandep/143942.jpg,dep.caiovianna@camara.leg.br
220548,Camila Jara,https://www.camara.leg.br/internet/deputado/bandep/220548.jpg,dep.camilajara@camara.leg.br
204572,Capitão Alberto Neto,https://www.camara.leg.br/internet/deputado/bandep/204572.jpg,dep.capitaoalbertoneto@camara.leg.br
220690,Capitão Alden,https://www.camara.leg.br/internet/deputado/bandep/220690.jpg,dep.capitaoalden@camara.leg.br
178829,Capitão Augusto,https://www.camara.leg.br/internet/deputado/bandep/178829.jpg,dep.capitaoaugusto@camara.leg.br
213762,Carla Dickson,https://www.camara.leg.br/internet/deputado/bandep/213762.jpg,dep.carladickson@camara.leg.br
204507,Carla Zambelli,https://www.camara.leg.br/internet/deputado/bandep/204507.jpg,dep.carlazambelli@camara.leg.br
178993,Carlos Henrique Gaguim,https://www.camara.leg.br/internet/deputado/bandep/178993.jpg,dep.carloshenriquegaguim@camara.leg.br
204460,Carlos Jordy,https://www.camara.leg.br/internet/deputado/bandep/204460.jpg,dep.carlosjordy@camara.leg.br
74262,Carlos Sampaio,https://www.camara.leg.br/internet/deputado/bandep/74262.jpg,dep.carlossampaio@camara.leg.br
204426,Carlos Veras,https://www.camara.leg.br/internet/deputado/bandep/204426.jpg,dep.carlosveras@camara.leg.br
141398,Carlos Zarattini,https://www.camara.leg.br/internet/deputado/bandep/141398.jpg,dep.carloszarattini@camara.leg.br
220704,Carol Dartora,https://www.camara.leg.br/internet/deputado/bandep/220704.jpg,dep.caroldartora@camara.leg.br
204369,Caroline de Toni,https://www.camara.leg.br/internet/deputado/bandep/204369.jpg,dep.carolinedetoni@camara.leg.br
220699,Castro Neto,https://www.camara.leg.br/internet/deputado/bandep/220699.jpg,dep.castroneto@camara.leg.br
206018,Célia Xakriabá,https://www.camara.leg.br/internet/deputado/bandep/206018.jpg,dep.celiaxakriaba@camara.leg.br
178876,Célio Silveira,https://www.camara.leg.br/internet/deputado/bandep/178876.jpg,dep.celiosilveira@camara.leg.br
204488,Célio Studart,https://www.camara.leg.br/internet/deputado/bandep/204488.jpg,dep.celiostudart@camara.leg.br
73441,Celso Russomanno,https://www.camara.leg.br/internet/deputado/bandep/73441.jpg,dep.celsorussomanno@camara.leg.br
204504,Cezinha de Madureira,https://www.camara.leg.br/internet/deputado/bandep/204504.jpg,dep.cezinhademadureira@camara.leg.br
205476,Charles Fernandes,https://www.camara.leg.br/internet/deputado/bandep/205476.jpg,dep.charlesfernandes@camara.leg.br
74171,Chico Alencar,https://www.camara.leg.br/internet/deputado/bandep/74171.jpg,dep.chicoalencar@camara.leg.br
204462,Chris Tonietto,https://www.camara.leg.br/internet/deputado/bandep/204462.jpg,dep.christonietto@camara.leg.br
220665,Clarissa Tércio,https://www.camara.leg.br/internet/deputado/bandep/220665.jpg,dep.clarissatercio@camara.leg.br
74537,Claudio Cajado,https://www.camara.leg.br/internet/deputado/bandep/74537.jpg,dep.claudiocajado@camara.leg.br
141408,Cleber Verde,https://www.camara.leg.br/internet/deputado/bandep/141408.jpg,dep.cleberverde@camara.leg.br
88256,Clodoaldo Magalhães,https://www.camara.leg.br/internet/deputado/bandep/88256.jpg,dep.clodoaldomagalhaes@camara.leg.br
98148,Cobalchini,https://www.camara.leg.br/internet/deputado/bandep/98148.jpg,dep.cobalchini@camara.leg.br
204376,Coronel Armando,https://www.camara.leg.br/internet/deputado/bandep/204376.jpg,dep.coronelarmando@camara.leg.br
220594,Coronel Assis,https://www.camara.leg.br/internet/deputado/bandep/220594.jpg,dep.coronelassis@camara.leg.br
204378,Coronel Chrisóstomo,https://www.camara.leg.br/internet/deputado/bandep/204378.jpg,dep.coronelchrisostomo@camara.leg.br
220595,Coronel Fernanda,https://www.camara.leg.br/internet/deputado/bandep/220595.jpg,dep.coronelfernanda@camara.leg.br
220666,Coronel Meira,https://www.camara.leg.br/internet/deputado/bandep/220666.jpg,dep.coronelmeira@camara.leg.br
220590,Coronel Ulysses,https://www.camara.leg.br/internet/deputado/bandep/220590.jpg,dep.coronelulysses@camara.leg.br
178963,Covatti Filho,https://www.camara.leg.br/internet/deputado/bandep/178963.jpg,dep.covattifilho@camara.leg.br
220608,Cristiane Lopes,https://www.camara.leg.br/internet/deputado/bandep/220608.jpg,dep.cristianelopes@camara.leg.br
204355,Da Vitoria,https://www.camara.leg.br/internet/deputado/bandep/204355.jpg,dep.davitoria@camara.leg.br
141411,Dagoberto Nogueira,https://www.camara.leg.br/internet/deputado/bandep/141411.jpg,dep.dagobertonogueira@camara.leg.br
220555,Daiana Santos,https://www.camara.leg.br/internet/deputado/bandep/220555.jpg,dep.daianasantos@camara.leg.br
220692,Dal Barreto,https://www.camara.leg.br/internet/deputado/bandep/220692.jpg,dep.dalbarreto@camara.leg.br
74467,Damião Feliciano,https://www.camara.leg.br/internet/deputado/bandep/74467.jpg,dep.damiaofeliciano@camara.leg.br
220629,Dandara,https://www.camara.leg.br/internet/deputado/bandep/220629.jpg,dep.dandara@camara.leg.br
220603,Dani Cunha,https://www.camara.leg.br/internet/deputado/bandep/220603.jpg,dep.danicunha@camara.leg.br
220571,Daniel Agrobom,https://www.camara.leg.br/internet/deputado/bandep/220571.jpg,dep.danielagrobom@camara.leg.br
74060,Daniel Almeida,https://www.camara.leg.br/internet/deputado/bandep/74060.jpg,dep.danielalmeida@camara.leg.br
220582,Daniel Barbosa,https://www.camara.leg.br/internet/deputado/bandep/220582.jpg,dep.danielbarbosa@camara.leg.br
204367,Daniel Freitas,https://www.camara.leg.br/internet/deputado/bandep/204367.jpg,dep.danielfreitas@camara.leg.br
204409,Daniel Trzeciak,https://www.camara.leg.br/internet/deputado/bandep/204409.jpg,dep.danieltrzeciak@camara.leg.br
204459,Daniela do Waguinho,https://www.camara.leg.br/internet/deputado/bandep/204459.jpg,dep.danieladowaguinho@camara.leg.br
220557,Daniela Reinehr,https://www.camara.leg.br/internet/deputado/bandep/220557.jpg,dep.danielareinehr@camara.leg.br
62881,Danilo Forte,https://www.camara.leg.br/internet/deputado/bandep/62881.jpg,dep.daniloforte@camara.leg.br
160552,Danrlei de Deus Hinterholz,https://www.camara.leg.br/internet/deputado/bandep/160552.jpg,dep.danrleidedeushinterholz@camara.leg.br
204511,David Soares,https://www.camara.leg.br/internet/deputado/bandep/204511.jpg,dep.davidsoares@camara.leg.br
220659,Dayany Bittencourt,https://www.camara.leg.br/internet/deputado/bandep/220659.jpg,dep.dayanybittencourt@camara.leg.br
220539,Defensor Stélio Dener,https://www.camara.leg.br/internet/deputado/bandep/220539.jpg,dep.defensorsteliodener@camara.leg.br
220565,Delegada Adriana Accorsi,https://www.camara.leg.br/internet/deputado/bandep/220565.jpg,dep.delegadaadrianaaccorsi@camara.leg.br
220625,Delegada Ione,https://www.camara.leg.br/internet/deputado/bandep/220625.jpg,dep.delegadaione@camara.leg.br
220561,Delegada Katarina,https://www.camara.leg.br/internet/deputado/bandep/220561.jpg,dep.delegadakatarina@camara.leg.br
220642,Delegado Bruno Lima,https://www.camara.leg.br/internet/deputado/bandep/220642.jpg,dep.delegadobrunolima@camara.leg.br
220673,Delegado Caveira,https://www.camara.leg.br/internet/deputado/bandep/220673.jpg,dep.delegadocaveira@camara.leg.br
220649,Delegado da Cunha,https://www.camara.leg.br/internet/deputado/bandep/220649.jpg,dep.delegadodacunha@camara.leg.br
178908,Delegado Éder Mauro,https://www.camara.leg.br/internet/deputado/bandep/178908.jpg,dep.delegadoedermauro@camara.leg.br
220583,Delegado Fabio Costa,https://www.camara.leg.br/internet/deputado/bandep/220583.jpg,dep.delegadofabiocosta@camara.leg.br
204512,Delegado Marcelo Freitas,https://www.camara.leg.br/internet/deputado/bandep/204512.jpg,dep.delegadomarcelofreitas@camara.leg.br
220701,Delegado Matheus Laiola,https://www.camara.leg.br/internet/deputado/bandep/220701.jpg,dep.delegadomatheuslaiola@camara.leg.br
220652,Delegado Palumbo,https://www.camara.leg.br/internet/deputado/bandep/220652.jpg,dep.delegadopalumbo@camara.leg.br
220654,Delegado Paulo Bilynskyj,https://www.camara.leg.br/internet/deputado/bandep/220654.jpg,dep.delegadopaulobilynskyj@camara.leg.br
220619,Delegado Ramagem,https://www.camara.leg.br/internet/deputado/bandep/220619.jpg,dep.delegadoramagem@camara.leg.br
220553,Denise Pessôa,https://www.camara.leg.br/internet/deputado/bandep/220553.jpg,dep.denisepessoa@camara.leg.br
220689,Detinha,https://www.camara.leg.br/internet/deputado/bandep/220689.jpg,dep.detinha@camara.leg.br
160588,Diego Andrade,https://www.camara.leg.br/internet/deputado/bandep/160588.jpg,dep.diegoandrade@camara.leg.br
220691,Diego Coronel,https://www.camara.leg.br/internet/deputado/bandep/220691.jpg,dep.diegocoronel@camara.leg.br
178929,Diego Garcia,https://www.camara.leg.br/internet/deputado/bandep/178929.jpg,dep.diegogarcia@camara.leg.br
73768,Dilceu Sperafico,https://www.camara.leg.br/internet/deputado/bandep/73768.jpg,dep.dilceusperafico@camara.leg.br
220671,Dilvanda Faro,https://www.camara.leg.br/internet/deputado/bandep/220671.jpg,dep.dilvandafaro@camara.leg.br
160599,Dimas Fabiano,https://www.camara.leg.br/internet/deputado/bandep/160599.jpg,dep.dimasfabiano@camara.leg.br
220602,Dimas Gadelha,https://www.camara.leg.br/internet/deputado/bandep/220602.jpg,dep.dimasgadelha@camara.leg.br
143632,Domingos Neto,https://www.camara.leg.br/internet/deputado/bandep/143632.jpg,dep.domingosneto@camara.leg.br
160758,Domingos Sávio,https://www.camara.leg.br/internet/deputado/bandep/160758.jpg,dep.domingossavio@camara.leg.br
220573,Dorinaldo Malafaia,https://www.camara.leg.br/internet/deputado/bandep/220573.jpg,dep.dorinaldomalafaia@camara.leg.br
227433,Douglas Viegas,https://www.camara.leg.br/internet/deputado/bandep/227433.jpg,dep.douglasviegas@camara.leg.br
204450,Doutor Luizinho,https://www.camara.leg.br/internet/deputado/bandep/204450.jpg,dep.doutorluizinho@camara.leg.br
220610,Dr. Fernando Máximo,https://www.camara.leg.br/internet/deputado/bandep/220610.jpg,dep.dr.fernandomaximo@camara.leg.br
220688,Dr. Francisco,https://www.camara.leg.br/internet/deputado/bandep/220688.jpg,dep.dr.francisco@camara.leg.br
204518,Dr. Frederico,https://www.camara.leg.br/internet/deputado/bandep/204518.jpg,dep.dr.frederico@camara.leg.br
220570,Dr. Ismael Alexandrino,https://www.camara.leg.br/internet/deputado/bandep/220570.jpg,dep.dr.ismaelalexandrino@camara.leg.br
204481,Dr. Jaziel,https://www.camara.leg.br/internet/deputado/bandep/204481.jpg,dep.dr.jaziel@camara.leg.br
204351,Dr. Luiz Ovando,https://www.camara.leg.br/internet/deputado/bandep/204351.jpg,dep.dr.luizovando@camara.leg.br
220528,Dr. Victor Linhalis,https://www.camara.leg.br/internet/deputado/bandep/220528.jpg,dep.dr.victorlinhalis@camara.leg.br
204412,Dr. Zacharias Calil,https://www.camara.leg.br/internet/deputado/bandep/204412.jpg,dep.dr.zachariascalil@camara.leg.br
220674,Dra. Alessandra Haber,https://www.camara.leg.br/internet/deputado/bandep/220674.jpg,dep.dra.alessandrahaber@camara.leg.br
220686,Duarte Jr.,https://www.camara.leg.br/internet/deputado/bandep/220686.jpg,dep.duartejr@camara.leg.br
220540,Duda Ramos,https://www.camara.leg.br/internet/deputado/bandep/220540.jpg,dep.dudaramos@camara.leg.br
220623,Duda Salabert,https://www.camara.leg.br/internet/deputado/bandep/220623.jpg,dep.dudasalabert@camara.leg.br
141421,Eduardo da Fonte,https://www.camara.leg.br/internet/deputado/bandep/141421.jpg,dep.eduardodafonte@camara.leg.br
220589,Eduardo Velloso,https://www.camara.leg.br/internet/deputado/bandep/220589.jpg,dep.eduardovelloso@camara.leg.br
74075,Elcione Barbalho,https://www.camara.leg.br/internet/deputado/bandep/74075.jpg,dep.elcionebarbalho@camara.leg.br
204364,Eli Borges,https://www.camara.leg.br/internet/deputado/bandep/204364.jpg,dep.eliborges@camara.leg.br
178854,Elmar Nascimento,https://www.camara.leg.br/internet/deputado/bandep/178854.jpg,dep.elmarnascimento@camara.leg.br
218086,Ely Santos,https://www.camara.leg.br/internet/deputado/bandep/218086.jpg,dep.elysantos@camara.leg.br
198783,Emanuel Pinheiro Neto,https://www.camara.leg.br/internet/deputado/bandep/198783.jpg,dep.emanuelpinheironeto@camara.leg.br
161550,Emidinho Madeira,https://www.camara.leg.br/internet/deputado/bandep/161550.jpg,dep.emidinhomadeira@camara.leg.br
225730,Enfermeira Ana Paula,https://www.camara.leg.br/internet/deputado/bandep/225730.jpg,dep.enfermeiraanapaula@camara.leg.br
230765,Enfermeira Rejane,https://www.camara.leg.br/internet/deputado/bandep/230765.jpg,dep.enfermeirarejane@camara.leg.br
220663,Eriberto Medeiros,https://www.camara.leg.br/internet/deputado/bandep/220663.jpg,dep.eribertomedeiros@camara.leg.br
220645,Erika Hilton,https://www.camara.leg.br/internet/deputado/bandep/220645.jpg,dep.erikahilton@camara.leg.br
160575,Erika Kokay,https://www.camara.leg.br/internet/deputado/bandep/160575.jpg,dep.erikakokay@camara.leg.br
160640,Eros Biondini,https://www.camara.leg.br/internet/deputado/bandep/160640.jpg,dep.erosbiondini@camara.leg.br
74454,Eunício Oliveira,https://www.camara.leg.br/internet/deputado/bandep/74454.jpg,dep.euniciooliveira@camara.leg.br
178871,Evair Vieira de Melo,https://www.camara.leg.br/internet/deputado/bandep/178871.jpg,dep.evairvieirademelo@camara.leg.br
220681,Fábio Macedo,https://www.camara.leg.br/internet/deputado/bandep/220681.jpg,dep.fabiomacedo@camara.leg.br
204368,Fabio Schiochet,https://www.camara.leg.br/internet/deputado/bandep/204368.jpg,dep.fabioschiochet@camara.leg.br
220653,Fábio Teruel,https://www.camara.leg.br/internet/deputado/bandep/220653.jpg,dep.fabioteruel@camara.leg.br
66828,Fausto Pinato,https://www.camara.leg.br/internet/deputado/bandep/66828.jpg,dep.faustopinato@camara.leg.br
220712,Fausto Santos Jr.,https://www.camara.leg.br/internet/deputado/bandep/220712.jpg,dep.faustosantosjr@camara.leg.br
220646,Felipe Becari,https://www.camara.leg.br/internet/deputado/bandep/220646.jpg,dep.felipebecari@camara.leg.br
72442,Felipe Carreras,https://www.camara.leg.br/internet/deputado/bandep/72442.jpg,dep.felipecarreras@camara.leg.br
204398,Felipe Francischini,https://www.camara.leg.br/internet/deputado/bandep/204398.jpg,dep.felipefrancischini@camara.leg.br
160666,Félix Mendonça Júnior,https://www.camara.leg.br/internet/deputado/bandep/160666.jpg,dep.felixmendoncajunior@camara.leg.br
204407,Fernanda Melchionna,https://www.camara.leg.br/internet/deputado/bandep/204407.jpg,dep.fernandamelchionna@camara.leg.br
220656,Fernanda Pessoa,https://www.camara.leg.br/internet/deputado/bandep/220656.jpg,dep.fernandapessoa@camara.leg.br
141431,Fernando Coelho Filho,https://www.camara.leg.br/internet/deputado/bandep/141431.jpg,dep.fernandocoelhofilho@camara.leg.br
204445,Fernando Mineiro,https://www.camara.leg.br/internet/deputado/bandep/204445.jpg,dep.fernandomineiro@camara.leg.br
92699,Fernando Monteiro,https://www.camara.leg.br/internet/deputado/bandep/92699.jpg,dep.fernandomonteiro@camara.leg.br
204427,Fernando Rodolfo,https://www.camara.leg.br/internet/deputado/bandep/204427.jpg,dep.fernandorodolfo@camara.leg.br
204411,Filipe Barros,https://www.camara.leg.br/internet/deputado/bandep/204411.jpg,dep.filipebarros@camara.leg.br
220545,Filipe Martins,https://www.camara.leg.br/internet/deputado/bandep/220545.jpg,dep.filipemartins@camara.leg.br
160598,Flávia Morais,https://www.camara.leg.br/internet/deputado/bandep/160598.jpg,dep.flaviamorais@camara.leg.br
191923,Flávio Nogueira,https://www.camara.leg.br/internet/deputado/bandep/191923.jpg,dep.flavionogueira@camara.leg.br
220700,Florentino Neto,https://www.camara.leg.br/internet/deputado/bandep/220700.jpg,dep.florentinoneto@camara.leg.br
220551,Franciane Bayer,https://www.camara.leg.br/internet/deputado/bandep/220551.jpg,dep.francianebayer@camara.leg.br
204494,Fred Costa,https://www.camara.leg.br/internet/deputado/bandep/204494.jpg,dep.fredcosta@camara.leg.br
220534,Fred Linhares,https://www.camara.leg.br/internet/deputado/bandep/220534.jpg,dep.fredlinhares@camara.leg.br
224117,Gabriel Mota,https://www.camara.leg.br/internet/deputado/bandep/224117.jpg,dep.gabrielmota@camara.leg.br
220708,Gabriel Nunes,https://www.camara.leg.br/internet/deputado/bandep/220708.jpg,dep.gabrielnunes@camara.leg.br
204473,General Girão,https://www.camara.leg.br/internet/deputado/bandep/204473.jpg,dep.generalgirao@camara.leg.br
220611,General Pazuello,https://www.camara.leg.br/internet/deputado/bandep/220611.jpg,dep.generalpazuello@camara.leg.br
178966,Geovania de Sá,https://www.camara.leg.br/internet/deputado/bandep/178966.jpg,dep.geovaniadesa@camara.leg.br
220702,Geraldo Mendes,https://www.camara.leg.br/internet/deputado/bandep/220702.jpg,dep.geraldomendes@camara.leg.br
74374,Geraldo Resende,https://www.camara.leg.br/internet/deputado/bandep/74374.jpg,dep.geraldoresende@camara.leg.br
204394,Gervásio Maia,https://www.camara.leg.br/internet/deputado/bandep/204394.jpg,dep.gervasiomaia@camara.leg.br
74383,Giacobo,https://www.camara.leg.br/internet/deputado/bandep/74383.jpg,dep.giacobo@camara.leg.br
204491,Gilberto Abramo,https://www.camara.leg.br/internet/deputado/bandep/204491.jpg,dep.gilbertoabramo@camara.leg.br
74270,Gilberto Nascimento,https://www.camara.leg.br/internet/deputado/bandep/74270.jpg,dep.gilbertonascimento@camara.leg.br
220529,Gilson Daniel,https://www.camara.leg.br/internet/deputado/bandep/220529.jpg,dep.gilsondaniel@camara.leg.br
204365,Gilson Marques,https://www.camara.leg.br/internet/deputado/bandep/204365.jpg,dep.gilsonmarques@camara.leg.br
220531,Gilvan Maximo,https://www.camara.leg.br/internet/deputado/bandep/220531.jpg,dep.gilvanmaximo@camara.leg.br
160673,Giovani Cherini,https://www.camara.leg.br/internet/deputado/bandep/160673.jpg,dep.giovanicherini@camara.leg.br
226179,Gisela Simona,https://www.camara.leg.br/internet/deputado/bandep/226179.jpg,dep.giselasimona@camara.leg.br
152605,Glauber Braga,https://www.camara.leg.br/internet/deputado/bandep/152605.jpg,dep.glauberbraga@camara.leg.br
204419,Glaustin da Fokus,https://www.camara.leg.br/internet/deputado/bandep/204419.jpg,dep.glaustindafokus@camara.leg.br
198197,Greyce Elias,https://www.camara.leg.br/internet/deputado/bandep/198197.jpg,dep.greyceelias@camara.leg.br
220639,Guilherme Boulos,https://www.camara.leg.br/internet/deputado/bandep/220639.jpg,dep.guilhermeboulos@camara.leg.br
220664,Guilherme Uchoa,https://www.camara.leg.br/internet/deputado/bandep/220664.jpg,dep.guilhermeuchoa@camara.leg.br
220568,Gustavo Gayer,https://www.camara.leg.br/internet/deputado/bandep/220568.jpg,dep.gustavogayer@camara.leg.br
204408,Gustinho Ribeiro,https://www.camara.leg.br/internet/deputado/bandep/204408.jpg,dep.gustinhoribeiro@camara.leg.br
204456,Gutemberg Reis,https://www.camara.leg.br/internet/deputado/bandep/204456.jpg,dep.gutembergreis@camara.leg.br
178964,Heitor Schuch,https://www.camara.leg.br/internet/deputado/bandep/178964.jpg,dep.heitorschuch@camara.leg.br
178873,Helder Salomão,https://www.camara.leg.br/internet/deputado/bandep/178873.jpg,dep.heldersalomao@camara.leg.br
220537,Helena Lima,https://www.camara.leg.br/internet/deputado/bandep/220537.jpg,dep.helenalima@camara.leg.br
204444,Helio Lopes,https://www.camara.leg.br/internet/deputado/bandep/204444.jpg,dep.heliolopes@camara.leg.br
220672,Henderson Pinto,https://www.camara.leg.br/internet/deputado/bandep/220672.jpg,dep.hendersonpinto@camara.leg.br
204539,Hercílio Coelho Diniz,https://www.camara.leg.br/internet/deputado/bandep/204539.jpg,dep.herciliocoelhodiniz@camara.leg.br
178884,Hildo Rocha,https://www.camara.leg.br/internet/deputado/bandep/178884.jpg,dep.hildorocha@camara.leg.br
141450,Hugo Leal,https://www.camara.leg.br/internet/deputado/bandep/141450.jpg,dep.hugoleal@camara.leg.br
160674,Hugo Motta,https://www.camara.leg.br/internet/deputado/bandep/160674.jpg,dep.hugomotta@camara.leg.br
220563,Icaro de Valmir,https://www.camara.leg.br/internet/deputado/bandep/220563.jpg,dep.icarodevalmir@camara.leg.br
204508,Igor Timo,https://www.camara.leg.br/internet/deputado/bandep/204508.jpg,dep.igortimo@camara.leg.br
98615,Ismael,https://www.camara.leg.br/internet/deputado/bandep/98615.jpg,dep.ismael@camara.leg.br
204436,Isnaldo Bulhões Jr.,https://www.camara.leg.br/internet/deputado/bandep/204436.jpg,dep.isnaldobulhoesjr@camara.leg.br
73531,Ivan Valente,https://www.camara.leg.br/internet/deputado/bandep/73531.jpg,dep.ivanvalente@camara.leg.br
220696,Ivoneide Caetano,https://www.camara.leg.br/internet/deputado/bandep/220696.jpg,dep.ivoneidecaetano@camara.leg.br
220670,Iza Arruda,https://www.camara.leg.br/internet/deputado/bandep/220670.jpg,dep.izaarruda@camara.leg.br
220527,Jack Rocha,https://www.camara.leg.br/internet/deputado/bandep/220527.jpg,dep.jackrocha@camara.leg.br
220697,Jadyel Alencar,https://www.camara.leg.br/internet/deputado/bandep/220697.jpg,dep.jadyelalencar@camara.leg.br
74848,Jandira Feghali,https://www.camara.leg.br/internet/deputado/bandep/74848.jpg,dep.jandirafeghali@camara.leg.br
220567,Jeferson Rodrigues,https://www.camara.leg.br/internet/deputado/bandep/220567.jpg,dep.jefersonrodrigues@camara.leg.br
74273,Jefferson Campos,https://www.camara.leg.br/internet/deputado/bandep/74273.jpg,dep.jeffersoncampos@camara.leg.br
141456,Jilmar Tatto,https://www.camara.leg.br/internet/deputado/bandep/141456.jpg,dep.jilmartatto@camara.leg.br
141458,João Carlos Bacelar,https://www.camara.leg.br/internet/deputado/bandep/141458.jpg,dep.joaocarlosbacelar@camara.leg.br
230957,João Cury,https://www.camara.leg.br/internet/deputado/bandep/230957.jpg,dep.joaocury@camara.leg.br
178970,João Daniel,https://www.camara.leg.br/internet/deputado/bandep/178970.jpg,dep.joaodaniel@camara.leg.br
74550,João Leão,https://www.camara.leg.br/internet/deputado/bandep/74550.jpg,dep.joaoleao@camara.leg.br
141459,João Maia,https://www.camara.leg.br/internet/deputado/bandep/141459.jpg,dep.joaomaia@camara.leg.br
178910,Joaquim Passarinho,https://www.camara.leg.br/internet/deputado/bandep/178910.jpg,dep.joaquimpassarinho@camara.leg.br
160548,Jonas Donizette,https://www.camara.leg.br/internet/deputado/bandep/160548.jpg,dep.jonasdonizette@camara.leg.br
205550,Jorge Braz,https://www.camara.leg.br/internet/deputado/bandep/205550.jpg,dep.jorgebraz@camara.leg.br
178857,Jorge Solla,https://www.camara.leg.br/internet/deputado/bandep/178857.jpg,dep.jorgesolla@camara.leg.br
141464,José Airton Félix Cirilo,https://www.camara.leg.br/internet/deputado/bandep/141464.jpg,dep.joseairtonfelixcirilo@camara.leg.br
141470,José Guimarães,https://www.camara.leg.br/internet/deputado/bandep/141470.jpg,dep.joseguimaraes@camara.leg.br
204472,José Medeiros,https://www.camara.leg.br/internet/deputado/bandep/204472.jpg,dep.josemedeiros@camara.leg.br
204391,José Nelto,https://www.camara.leg.br/internet/deputado/bandep/204391.jpg,dep.josenelto@camara.leg.br
74079,José Priante,https://www.camara.leg.br/internet/deputado/bandep/74079.jpg,dep.josepriante@camara.leg.br
74554,José Rocha,https://www.camara.leg.br/internet/deputado/bandep/74554.jpg,dep.joserocha@camara.leg.br
209189,Joseildo Ramos,https://www.camara.leg.br/internet/deputado/bandep/209189.jpg,dep.joseildoramos@camara.leg.br
220578,Josenildo,https://www.camara.leg.br/internet/deputado/bandep/220578.jpg,dep.josenildo@camara.leg.br
74141,Josias Gomes,https://www.camara.leg.br/internet/deputado/bandep/74141.jpg,dep.josiasgomes@camara.leg.br
204563,Josimar Maranhãozinho,https://www.camara.leg.br/internet/deputado/bandep/204563.jpg,dep.josimarmaranhaozinho@camara.leg.br
215043,Josivaldo JP,https://www.camara.leg.br/internet/deputado/bandep/215043.jpg,dep.josivaldojp@camara.leg.br
204474,Juarez Costa,https://www.camara.leg.br/internet/deputado/bandep/204474.jpg,dep.juarezcosta@camara.leg.br
220559,Julia Zanatta,https://www.camara.leg.br/internet/deputado/bandep/220559.jpg,dep.juliazanatta@camara.leg.br
220640,Juliana Cardoso,https://www.camara.leg.br/internet/deputado/bandep/220640.jpg,dep.julianacardoso@camara.leg.br
66385,Julio Arcoverde,https://www.camara.leg.br/internet/deputado/bandep/66385.jpg,dep.julioarcoverde@camara.leg.br
74317,Júlio Cesar,https://www.camara.leg.br/internet/deputado/bandep/74317.jpg,dep.juliocesar@camara.leg.br
204372,Julio Cesar Ribeiro,https://www.camara.leg.br/internet/deputado/bandep/204372.jpg,dep.juliocesarribeiro@camara.leg.br
74253,Julio Lopes,https://www.camara.leg.br/internet/deputado/bandep/74253.jpg,dep.juliolopes@camara.leg.br
204457,Juninho do Pneu,https://www.camara.leg.br/internet/deputado/bandep/204457.jpg,dep.juninhodopneu@camara.leg.br
204520,Junio Amaral,https://www.camara.leg.br/internet/deputado/bandep/204520.jpg,dep.junioamaral@camara.leg.br
204497,Júnior Ferrari,https://www.camara.leg.br/internet/deputado/bandep/204497.jpg,dep.juniorferrari@camara.leg.br
204574,Junior Lourenço,https://www.camara.leg.br/internet/deputado/bandep/204574.jpg,dep.juniorlourenco@camara.leg.br
204550,Júnior Mano,https://www.camara.leg.br/internet/deputado/bandep/204550.jpg,dep.juniormano@camara.leg.br
178886,Juscelino Filho,https://www.camara.leg.br/internet/deputado/bandep/178886.jpg,dep.juscelinofilho@camara.leg.br
208297,Katia Dias,https://www.camara.leg.br/internet/deputado/bandep/208297.jpg,dep.katiadias@camara.leg.br
220677,Keniston Braga,https://www.camara.leg.br/internet/deputado/bandep/220677.jpg,dep.kenistonbraga@camara.leg.br
162067,Kiko Celeguim,https://www.camara.leg.br/internet/deputado/bandep/162067.jpg,dep.kikoceleguim@camara.leg.br
204536,Kim Kataguiri,https://www.camara.leg.br/internet/deputado/bandep/204536.jpg,dep.kimkataguiri@camara.leg.br
98057,Lafayette de Andrada,https://www.camara.leg.br/internet/deputado/bandep/98057.jpg,dep.lafayettedeandrada@camara.leg.br
74856,Laura Carneiro,https://www.camara.leg.br/internet/deputado/bandep/74856.jpg,dep.lauracarneiro@camara.leg.br
141480,Lázaro Botelho,https://www.camara.leg.br/internet/deputado/bandep/141480.jpg,dep.lazarobotelho@camara.leg.br
220600,Lebrão,https://www.camara.leg.br/internet/deputado/bandep/220600.jpg,dep.lebrao@camara.leg.br
220566,Lêda Borges,https://www.camara.leg.br/internet/deputado/bandep/220566.jpg,dep.ledaborges@camara.leg.br
231911,Lenir de Assis,https://www.camara.leg.br/internet/deputado/bandep/231911.jpg,dep.lenirdeassis@camara.leg.br
80815,Leo Prates,https://www.camara.leg.br/internet/deputado/bandep/80815.jpg,dep.leoprates@camara.leg.br
74156,Leonardo Monteiro,https://www.camara.leg.br/internet/deputado/bandep/74156.jpg,dep.leonardomonteiro@camara.leg.br
74299,Leônidas Cristino,https://www.camara.leg.br/internet/deputado/bandep/74299.jpg,dep.leonidascristino@camara.leg.br
92102,Leur Lomanto Júnior,https://www.camara.leg.br/internet/deputado/bandep/92102.jpg,dep.leurlomantojunior@camara.leg.br
139285,Lídice da Mata,https://www.camara.leg.br/internet/deputado/bandep/139285.jpg,dep.lidicedamata@camara.leg.br
74585,Lincoln Portela,https://www.camara.leg.br/internet/deputado/bandep/74585.jpg,dep.lincolnportela@camara.leg.br
74858,Lindbergh Farias,https://www.camara.leg.br/internet/deputado/bandep/74858.jpg,dep.lindberghfarias@camara.leg.br
220662,Lucas Ramos,https://www.camara.leg.br/internet/deputado/bandep/220662.jpg,dep.lucasramos@camara.leg.br
204404,Lucas Redecker,https://www.camara.leg.br/internet/deputado/bandep/204404.jpg,dep.lucasredecker@camara.leg.br
138286,Luciano Alves,https://www.camara.leg.br/internet/deputado/bandep/138286.jpg,dep.lucianoalves@camara.leg.br
220581,Luciano Amaral,https://www.camara.leg.br/internet/deputado/bandep/220581.jpg,dep.lucianoamaral@camara.leg.br
74478,Luciano Bivar,https://www.camara.leg.br/internet/deputado/bandep/74478.jpg,dep.lucianobivar@camara.leg.br
178931,Luciano Ducci,https://www.camara.leg.br/internet/deputado/bandep/178931.jpg,dep.lucianoducci@camara.leg.br
220616,Luciano Vieira,https://www.camara.leg.br/internet/deputado/bandep/220616.jpg,dep.lucianovieira@camara.leg.br
178954,Lucio Mosquini,https://www.camara.leg.br/internet/deputado/bandep/178954.jpg,dep.luciomosquini@camara.leg.br
222429,Luis Carlos Gomes,https://www.camara.leg.br/internet/deputado/bandep/222429.jpg,dep.luiscarlosgomes@camara.leg.br
160510,Luis Tibé,https://www.camara.leg.br/internet/deputado/bandep/160510.jpg,dep.luistibe@camara.leg.br
204410,Luisa Canziani,https://www.camara.leg.br/internet/deputado/bandep/204410.jpg,dep.luisacanziani@camara.leg.br
141485,Luiz Carlos Busato,https://www.camara.leg.br/internet/deputado/bandep/141485.jpg,dep.luizcarlosbusato@camara.leg.br
73778,Luiz Carlos Hauly,https://www.camara.leg.br/internet/deputado/bandep/73778.jpg,dep.luizcarloshauly@camara.leg.br
204485,Luiz Carlos Motta,https://www.camara.leg.br/internet/deputado/bandep/204485.jpg,dep.luizcarlosmotta@camara.leg.br
74041,Luiz Couto,https://www.camara.leg.br/internet/deputado/bandep/74041.jpg,dep.luizcouto@camara.leg.br
141487,Luiz Fernando Faria,https://www.camara.leg.br/internet/deputado/bandep/141487.jpg,dep.luizfernandofaria@camara.leg.br
229432,Luiz Fernando Vampiro,https://www.camara.leg.br/internet/deputado/bandep/229432.jpg,dep.luizfernandovampiro@camara.leg.br
220658,Luiz Gastão,https://www.camara.leg.br/internet/deputado/bandep/220658.jpg,dep.luizgastao@camara.leg.br
204455,Luiz Lima,https://www.camara.leg.br/internet/deputado/bandep/204455.jpg,dep.luizlima@camara.leg.br
162332,Luiz Nishimori,https://www.camara.leg.br/internet/deputado/bandep/162332.jpg,dep.luiznishimori@camara.leg.br
204526,Luiz Philippe de Orleans e Bragança,https://www.camara.leg.br/internet/deputado/bandep/204526.jpg,dep.luizphilippedeorleansebraganca@camara.leg.br
74784,Luiza Erundina,https://www.camara.leg.br/internet/deputado/bandep/74784.jpg,dep.luizaerundina@camara.leg.br
178866,Luizianne Lins,https://www.camara.leg.br/internet/deputado/bandep/178866.jpg,dep.luiziannelins@camara.leg.br
220669,Lula da Fonte,https://www.camara.leg.br/internet/deputado/bandep/220669.jpg,dep.luladafonte@camara.leg.br
166402,Magda Mofatto,https://www.camara.leg.br/internet/deputado/bandep/166402.jpg,dep.magdamofatto@camara.leg.br
220648,Marangoni,https://www.camara.leg.br/internet/deputado/bandep/220648.jpg,dep.marangoni@camara.leg.br
156190,Marcel van Hattem,https://www.camara.leg.br/internet/deputado/bandep/156190.jpg,dep.marcelvanhattem@camara.leg.br
179000,Marcelo Álvaro Antônio,https://www.camara.leg.br/internet/deputado/bandep/179000.jpg,dep.marceloalvaroantonio@camara.leg.br
220599,Marcelo Crivella,https://www.camara.leg.br/internet/deputado/bandep/220599.jpg,dep.marcelocrivella@camara.leg.br
133810,Marcelo Moraes,https://www.camara.leg.br/internet/deputado/bandep/133810.jpg,dep.marcelomoraes@camara.leg.br
160161,Marcelo Queiroz,https://www.camara.leg.br/internet/deputado/bandep/160161.jpg,dep.marceloqueiroz@camara.leg.br
178983,Marcio Alvino,https://www.camara.leg.br/internet/deputado/bandep/178983.jpg,dep.marcioalvino@camara.leg.br
179001,Márcio Biolchi,https://www.camara.leg.br/internet/deputado/bandep/179001.jpg,dep.marciobiolchi@camara.leg.br
220687,Márcio Honaiser,https://www.camara.leg.br/internet/deputado/bandep/220687.jpg,dep.marciohonaiser@camara.leg.br
81055,Márcio Jerry,https://www.camara.leg.br/internet/deputado/bandep/81055.jpg,dep.marciojerry@camara.leg.br
150418,Márcio Marinho,https://www.camara.leg.br/internet/deputado/bandep/150418.jpg,dep.marciomarinho@camara.leg.br
160535,Marcon,https://www.camara.leg.br/internet/deputado/bandep/160535.jpg,dep.marcon@camara.leg.br
204431,Marcos Aurélio Sampaio,https://www.camara.leg.br/internet/deputado/bandep/204431.jpg,dep.marcosaureliosampaio@camara.leg.br
204506,Marcos Pereira,https://www.camara.leg.br/internet/deputado/bandep/204506.jpg,dep.marcospereira@camara.leg.br
220547,Marcos Pollon,https://www.camara.leg.br/internet/deputado/bandep/220547.jpg,dep.marcospollon@camara.leg.br
178943,Marcos Soares,https://www.camara.leg.br/internet/deputado/bandep/178943.jpg,dep.marcossoares@camara.leg.br
220604,Marcos Tavares,https://www.camara.leg.br/internet/deputado/bandep/220604.jpg,dep.marcostavares@camara.leg.br
220668,Maria Arraes,https://www.camara.leg.br/internet/deputado/bandep/220668.jpg,dep.mariaarraes@camara.leg.br
74398,Maria do Rosário,https://www.camara.leg.br/internet/deputado/bandep/74398.jpg,dep.mariadorosario@camara.leg.br
204540,Maria Rosas,https://www.camara.leg.br/internet/deputado/bandep/204540.jpg,dep.mariarosas@camara.leg.br
220655,Mario Frias,https://www.camara.leg.br/internet/deputado/bandep/220655.jpg,dep.mariofrias@camara.leg.br
74158,Mário Heringer,https://www.camara.leg.br/internet/deputado/bandep/74158.jpg,dep.marioheringer@camara.leg.br
178858,Mário Negromonte Jr.,https://www.camara.leg.br/internet/deputado/bandep/178858.jpg,dep.marionegromontejr@camara.leg.br
204566,Marreca Filho,https://www.camara.leg.br/internet/deputado/bandep/204566.jpg,dep.marrecafilho@camara.leg.br
220572,Marussa Boldrin,https://www.camara.leg.br/internet/deputado/bandep/220572.jpg,dep.marussaboldrin@camara.leg.br
178843,Marx Beltrão,https://www.camara.leg.br/internet/deputado/bandep/178843.jpg,dep.marxbeltrao@camara.leg.br
220661,Matheus Noronha,https://www.camara.leg.br/internet/deputado/bandep/220661.jpg,dep.matheusnoronha@camara.leg.br
220609,Maurício Carvalho,https://www.camara.leg.br/internet/deputado/bandep/220609.jpg,dep.mauriciocarvalho@camara.leg.br
220628,Mauricio do Vôlei,https://www.camara.leg.br/internet/deputado/bandep/220628.jpg,dep.mauriciodovolei@camara.leg.br
220550,Mauricio Marcon,https://www.camara.leg.br/internet/deputado/bandep/220550.jpg,dep.mauriciomarcon@camara.leg.br
220647,Mauricio Neves,https://www.camara.leg.br/internet/deputado/bandep/220647.jpg,dep.mauricioneves@camara.leg.br
204486,Mauro Benevides Filho,https://www.camara.leg.br/internet/deputado/bandep/204486.jpg,dep.maurobenevidesfilho@camara.leg.br
220607,Max Lemos,https://www.camara.leg.br/internet/deputado/bandep/220607.jpg,dep.maxlemos@camara.leg.br
220591,Meire Serafim,https://www.camara.leg.br/internet/deputado/bandep/220591.jpg,dep.meireserafim@camara.leg.br
74428,Mendonça Filho,https://www.camara.leg.br/internet/deputado/bandep/74428.jpg,dep.mendoncafilho@camara.leg.br
188097,Merlong Solano,https://www.camara.leg.br/internet/deputado/bandep/188097.jpg,dep.merlongsolano@camara.leg.br
220585,Mersinho Lucena,https://www.camara.leg.br/internet/deputado/bandep/220585.jpg,dep.mersinholucena@camara.leg.br
220530,Messias Donato,https://www.camara.leg.br/internet/deputado/bandep/220530.jpg,dep.messiasdonato@camara.leg.br
171786,Miguel Ângelo,https://www.camara.leg.br/internet/deputado/bandep/171786.jpg,dep.miguelangelo@camara.leg.br
178985,Miguel Lombardi,https://www.camara.leg.br/internet/deputado/bandep/178985.jpg,dep.miguellombardi@camara.leg.br
178895,Misael Varella,https://www.camara.leg.br/internet/deputado/bandep/178895.jpg,dep.misaelvarella@camara.leg.br
160561,Missionário José Olimpio,https://www.camara.leg.br/internet/deputado/bandep/160561.jpg,dep.missionariojoseolimpio@camara.leg.br
178997,Moses Rodrigues,https://www.camara.leg.br/internet/deputado/bandep/178997.jpg,dep.mosesrodrigues@camara.leg.br
220617,Murillo Gouvea,https://www.camara.leg.br/internet/deputado/bandep/220617.jpg,dep.murillogouvea@camara.leg.br
220584,Murilo Galdino,https://www.camara.leg.br/internet/deputado/bandep/220584.jpg,dep.murilogaldino@camara.leg.br
204453,Natália Bonavides,https://www.camara.leg.br/internet/deputado/bandep/204453.jpg,dep.nataliabonavides@camara.leg.br
204449,Nelson Barbudo,https://www.camara.leg.br/internet/deputado/bandep/204449.jpg,dep.nelsonbarbudo@camara.leg.br
220622,Nely Aquino,https://www.camara.leg.br/internet/deputado/bandep/220622.jpg,dep.nelyaquino@camara.leg.br
220703,Neto Carletto,https://www.camara.leg.br/internet/deputado/bandep/220703.jpg,dep.netocarletto@camara.leg.br
178896,Newton Cardoso Jr,https://www.camara.leg.br/internet/deputado/bandep/178896.jpg,dep.newtoncardosojr@camara.leg.br
204479,Nicoletti,https://www.camara.leg.br/internet/deputado/bandep/204479.jpg,dep.nicoletti@camara.leg.br
209787,Nikolas Ferreira,https://www.camara.leg.br/internet/deputado/bandep/209787.jpg,dep.nikolasferreira@camara.leg.br
178986,Nilto Tatto,https://www.camara.leg.br/internet/deputado/bandep/178986.jpg,dep.niltotatto@camara.leg.br
227660,Nitinho,https://www.camara.leg.br/internet/deputado/bandep/227660.jpg,dep.nitinho@camara.leg.br
74159,Odair Cunha,https://www.camara.leg.br/internet/deputado/bandep/74159.jpg,dep.odaircunha@camara.leg.br
204498,Olival Marques,https://www.camara.leg.br/internet/deputado/bandep/204498.jpg,dep.olivalmarques@camara.leg.br
178987,Orlando Silva,https://www.camara.leg.br/internet/deputado/bandep/178987.jpg,dep.orlandosilva@camara.leg.br
73692,Osmar Terra,https://www.camara.leg.br/internet/deputado/bandep/73692.jpg,dep.osmarterra@camara.leg.br
204422,Ossesio Silva,https://www.camara.leg.br/internet/deputado/bandep/204422.jpg,dep.ossesiosilva@camara.leg.br
204441,Otoni de Paula,https://www.camara.leg.br/internet/deputado/bandep/204441.jpg,dep.otonidepaula@camara.leg.br
204573,Otto Alencar Filho,https://www.camara.leg.br/internet/deputado/bandep/204573.jpg,dep.ottoalencarfilho@camara.leg.br
220706,Padovani,https://www.camara.leg.br/internet/deputado/bandep/220706.jpg,dep.padovani@camara.leg.br
160556,Padre João,https://www.camara.leg.br/internet/deputado/bandep/160556.jpg,dep.padrejoao@camara.leg.br
230762,Pastor Claudio Mariano,https://www.camara.leg.br/internet/deputado/bandep/230762.jpg,dep.pastorclaudiomariano@camara.leg.br
180214,Pastor Diniz,https://www.camara.leg.br/internet/deputado/bandep/180214.jpg,dep.pastordiniz@camara.leg.br
160642,Pastor Eurico,https://www.camara.leg.br/internet/deputado/bandep/160642.jpg,dep.pastoreurico@camara.leg.br
204570,Pastor Gil,https://www.camara.leg.br/internet/deputado/bandep/204570.jpg,dep.pastorgil@camara.leg.br
220615,Pastor Henrique Vieira,https://www.camara.leg.br/internet/deputado/bandep/220615.jpg,dep.pastorhenriquevieira@camara.leg.br
204553,Pastor Sargento Isidório,https://www.camara.leg.br/internet/deputado/bandep/204553.jpg,dep.pastorsargentoisidorio@camara.leg.br
74160,Patrus Ananias,https://www.camara.leg.br/internet/deputado/bandep/74160.jpg,dep.patrusananias@camara.leg.br
74095,Pauderney Avelino,https://www.camara.leg.br/internet/deputado/bandep/74095.jpg,dep.pauderneyavelino@camara.leg.br
171617,Paulão,https://www.camara.leg.br/internet/deputado/bandep/171617.jpg,dep.paulao@camara.leg.br
141518,Paulinho da Força,https://www.camara.leg.br/internet/deputado/bandep/141518.jpg,dep.paulinhodaforca@camara.leg.br
141516,Paulo Abi-Ackel,https://www.camara.leg.br/internet/deputado/bandep/141516.jpg,dep.pauloabiackel@camara.leg.br
220650,Paulo Alexandre Barbosa,https://www.camara.leg.br/internet/deputado/bandep/220650.jpg,dep.pauloalexandrebarbosa@camara.leg.br
178860,Paulo Azi,https://www.camara.leg.br/internet/deputado/bandep/178860.jpg,dep.pauloazi@camara.leg.br
160517,Paulo Folletto,https://www.camara.leg.br/internet/deputado/bandep/160517.jpg,dep.paulofolletto@camara.leg.br
160558,Paulo Freire Costa,https://www.camara.leg.br/internet/deputado/bandep/160558.jpg,dep.paulofreirecosta@camara.leg.br
204492,Paulo Guedes,https://www.camara.leg.br/internet/deputado/bandep/204492.jpg,dep.pauloguedes@camara.leg.br
220685,Paulo Litro,https://www.camara.leg.br/internet/deputado/bandep/220685.jpg,dep.paulolitro@camara.leg.br
74574,Paulo Magalhães,https://www.camara.leg.br/internet/deputado/bandep/74574.jpg,dep.paulomagalhaes@camara.leg.br
74400,Paulo Pimenta,https://www.camara.leg.br/internet/deputado/bandep/74400.jpg,dep.paulopimenta@camara.leg.br
220630,Pedro Aihara,https://www.camara.leg.br/internet/deputado/bandep/220630.jpg,dep.pedroaihara@camara.leg.br
220667,Pedro Campos,https://www.camara.leg.br/internet/deputado/bandep/220667.jpg,dep.pedrocampos@camara.leg.br
122974,Pedro Lucas Fernandes,https://www.camara.leg.br/internet/deputado/bandep/122974.jpg,dep.pedrolucasfernandes@camara.leg.br
204395,Pedro Lupion,https://www.camara.leg.br/internet/deputado/bandep/204395.jpg,dep.pedrolupion@camara.leg.br
122158,Pedro Paulo,https://www.camara.leg.br/internet/deputado/bandep/122158.jpg,dep.pedropaulo@camara.leg.br
160604,Pedro Uczai,https://www.camara.leg.br/internet/deputado/bandep/160604.jpg,dep.pedrouczai@camara.leg.br
204406,Pedro Westphalen,https://www.camara.leg.br/internet/deputado/bandep/204406.jpg,dep.pedrowestphalen@camara.leg.br
161440,Pezenti,https://www.camara.leg.br/internet/deputado/bandep/161440.jpg,dep.pezenti@camara.leg.br
204524,Pinheirinho,https://www.camara.leg.br/internet/deputado/bandep/204524.jpg,dep.pinheirinho@camara.leg.br
73486,Pompeo de Mattos,https://www.camara.leg.br/internet/deputado/bandep/73486.jpg,dep.pompeodemattos@camara.leg.br
160601,Pr. Marco Feliciano,https://www.camara.leg.br/internet/deputado/bandep/160601.jpg,dep.pr.marcofeliciano@camara.leg.br
220533,Prof. Reginaldo Veras,https://www.camara.leg.br/internet/deputado/bandep/220533.jpg,dep.prof.reginaldoveras@camara.leg.br
204390,Professor Alcides,https://www.camara.leg.br/internet/deputado/bandep/204390.jpg,dep.professoralcides@camara.leg.br
220580,Professora Goreth,https://www.camara.leg.br/internet/deputado/bandep/220580.jpg,dep.professoragoreth@camara.leg.br
221338,Professora Luciene Cavalcante,https://www.camara.leg.br/internet/deputado/bandep/221338.jpg,dep.professoralucienecavalcante@camara.leg.br
220586,Rafael Brito,https://www.camara.leg.br/internet/deputado/bandep/220586.jpg,dep.rafaelbrito@camara.leg.br
220532,Rafael Prudente,https://www.camara.leg.br/internet/deputado/bandep/220532.jpg,dep.rafaelprudente@camara.leg.br
220626,Rafael Simoes,https://www.camara.leg.br/internet/deputado/bandep/220626.jpg,dep.rafaelsimoes@camara.leg.br
204567,Raimundo Costa,https://www.camara.leg.br/internet/deputado/bandep/204567.jpg,dep.raimundocosta@camara.leg.br
74084,Raimundo Santos,https://www.camara.leg.br/internet/deputado/bandep/74084.jpg,dep.raimundosantos@camara.leg.br
74161,Reginaldo Lopes,https://www.camara.leg.br/internet/deputado/bandep/74161.jpg,dep.reginaldolopes@camara.leg.br
220606,Reimont,https://www.camara.leg.br/internet/deputado/bandep/220606.jpg,dep.reimont@camara.leg.br
205865,Reinhold Stephanes,https://www.camara.leg.br/internet/deputado/bandep/205865.jpg,dep.reinholdstephanes@camara.leg.br
178989,Renata Abreu,https://www.camara.leg.br/internet/deputado/bandep/178989.jpg,dep.renataabreu@camara.leg.br
153423,Renilce Nicodemos,https://www.camara.leg.br/internet/deputado/bandep/153423.jpg,dep.renilcenicodemos@camara.leg.br
73801,Renildo Calheiros,https://www.camara.leg.br/internet/deputado/bandep/73801.jpg,dep.renildocalheiros@camara.leg.br
175765,Ribamar Silva,https://www.camara.leg.br/internet/deputado/bandep/175765.jpg,dep.ribamarsilva@camara.leg.br
221329,Ricardo Abrão,https://www.camara.leg.br/internet/deputado/bandep/221329.jpg,dep.ricardoabrao@camara.leg.br
220543,Ricardo Ayres,https://www.camara.leg.br/internet/deputado/bandep/220543.jpg,dep.ricardoayres@camara.leg.br
73788,Ricardo Barros,https://www.camara.leg.br/internet/deputado/bandep/73788.jpg,dep.ricardobarros@camara.leg.br
204362,Ricardo Guidi,https://www.camara.leg.br/internet/deputado/bandep/204362.jpg,dep.ricardoguidi@camara.leg.br
220694,Ricardo Maia,https://www.camara.leg.br/internet/deputado/bandep/220694.jpg,dep.ricardomaia@camara.leg.br
220633,Ricardo Salles,https://www.camara.leg.br/internet/deputado/bandep/220633.jpg,dep.ricardosalles@camara.leg.br
204489,Robério Monteiro,https://www.camara.leg.br/internet/deputado/bandep/204489.jpg,dep.roberiomonteiro@camara.leg.br
220693,Roberta Roma,https://www.camara.leg.br/internet/deputado/bandep/220693.jpg,dep.robertaroma@camara.leg.br
220588,Roberto Duarte,https://www.camara.leg.br/internet/deputado/bandep/220588.jpg,dep.robertoduarte@camara.leg.br
220613,Roberto Monteiro Pai,https://www.camara.leg.br/internet/deputado/bandep/220613.jpg,dep.robertomonteiropai@camara.leg.br
220624,Robinson Faria,https://www.camara.leg.br/internet/deputado/bandep/220624.jpg,dep.robinsonfaria@camara.leg.br
220546,Rodolfo Nogueira,https://www.camara.leg.br/internet/deputado/bandep/220546.jpg,dep.rodolfonogueira@camara.leg.br
230767,Rodrigo da Zaeli,https://www.camara.leg.br/internet/deputado/bandep/230767.jpg,dep.rodrigodazaeli@camara.leg.br
141531,Rodrigo de Castro,https://www.camara.leg.br/internet/deputado/bandep/141531.jpg,dep.rodrigodecastro@camara.leg.br
223128,Rodrigo Estacho,https://www.camara.leg.br/internet/deputado/bandep/223128.jpg,dep.rodrigoestacho@camara.leg.br
220641,Rodrigo Gambale,https://www.camara.leg.br/internet/deputado/bandep/220641.jpg,dep.rodrigogambale@camara.leg.br
165470,Rodrigo Valadares,https://www.camara.leg.br/internet/deputado/bandep/165470.jpg,dep.rodrigovaladares@camara.leg.br
220695,Rogéria Santos,https://www.camara.leg.br/internet/deputado/bandep/220695.jpg,dep.rogeriasantos@camara.leg.br
204480,Rogério Correia,https://www.camara.leg.br/internet/deputado/bandep/204480.jpg,dep.rogeriocorreia@camara.leg.br
160629,Romero Rodrigues,https://www.camara.leg.br/internet/deputado/bandep/160629.jpg,dep.romerorodrigues@camara.leg.br
163321,Ronaldo Nogueira,https://www.camara.leg.br/internet/deputado/bandep/163321.jpg,dep.ronaldonogueira@camara.leg.br
204525,Rosana Valle,https://www.camara.leg.br/internet/deputado/bandep/204525.jpg,dep.rosanavalle@camara.leg.br
220644,Rosangela Moro,https://www.camara.leg.br/internet/deputado/bandep/220644.jpg,dep.rosangelamoro@camara.leg.br
220620,Rosângela Reis,https://www.camara.leg.br/internet/deputado/bandep/220620.jpg,dep.rosangelareis@camara.leg.br
74371,Rubens Otoni,https://www.camara.leg.br/internet/deputado/bandep/74371.jpg,dep.rubensotoni@camara.leg.br
178887,Rubens Pereira Júnior,https://www.camara.leg.br/internet/deputado/bandep/178887.jpg,dep.rubenspereirajunior@camara.leg.br
73604,Rui Falcão,https://www.camara.leg.br/internet/deputado/bandep/73604.jpg,dep.ruifalcao@camara.leg.br
160635,Ruy Carneiro,https://www.camara.leg.br/internet/deputado/bandep/160635.jpg,dep.ruycarneiro@camara.leg.br
204535,Sâmia Bomfim,https://www.camara.leg.br/internet/deputado/bandep/204535.jpg,dep.samiabomfim@camara.leg.br
220631,Samuel Viana,https://www.camara.leg.br/internet/deputado/bandep/220631.jpg,dep.samuelviana@camara.leg.br
204416,Sanderson,https://www.camara.leg.br/internet/deputado/bandep/204416.jpg,dep.sanderson@camara.leg.br
204387,Sargento Fahur,https://www.camara.leg.br/internet/deputado/bandep/204387.jpg,dep.sargentofahur@camara.leg.br
220621,Sargento Gonçalves,https://www.camara.leg.br/internet/deputado/bandep/220621.jpg,dep.sargentogoncalves@camara.leg.br
220618,Sargento Portugal,https://www.camara.leg.br/internet/deputado/bandep/220618.jpg,dep.sargentoportugal@camara.leg.br
226837,Saulo Pedroso,https://www.camara.leg.br/internet/deputado/bandep/226837.jpg,dep.saulopedroso@camara.leg.br
178933,Sergio Souza,https://www.camara.leg.br/internet/deputado/bandep/178933.jpg,dep.sergiosouza@camara.leg.br
204557,Sidney Leite,https://www.camara.leg.br/internet/deputado/bandep/204557.jpg,dep.sidneyleite@camara.leg.br
74356,Silas Câmara,https://www.camara.leg.br/internet/deputado/bandep/74356.jpg,dep.silascamara@camara.leg.br
204360,Silvia Cristina,https://www.camara.leg.br/internet/deputado/bandep/204360.jpg,dep.silviacristina@camara.leg.br
220579,Silvia Waiãpi,https://www.camara.leg.br/internet/deputado/bandep/220579.jpg,dep.silviawaiapi@camara.leg.br
220569,Silvye Alves,https://www.camara.leg.br/internet/deputado/bandep/220569.jpg,dep.silvyealves@camara.leg.br
220651,Simone Marquetto,https://www.camara.leg.br/internet/deputado/bandep/220651.jpg,dep.simonemarquetto@camara.leg.br
104552,Socorro Neri,https://www.camara.leg.br/internet/deputado/bandep/104552.jpg,dep.socorroneri@camara.leg.br
220575,Sonize Barbosa,https://www.camara.leg.br/internet/deputado/bandep/220575.jpg,dep.sonizebarbosa@camara.leg.br
178946,Soraya Santos,https://www.camara.leg.br/internet/deputado/bandep/178946.jpg,dep.sorayasantos@camara.leg.br
178947,Sóstenes Cavalcante,https://www.camara.leg.br/internet/deputado/bandep/178947.jpg,dep.sostenescavalcante@camara.leg.br
92776,Stefano Aguiar,https://www.camara.leg.br/internet/deputado/bandep/92776.jpg,dep.stefanoaguiar@camara.leg.br
204534,Tabata Amaral,https://www.camara.leg.br/internet/deputado/bandep/204534.jpg,dep.tabataamaral@camara.leg.br
220682,Tadeu Veneri,https://www.camara.leg.br/internet/deputado/bandep/220682.jpg,dep.tadeuveneri@camara.leg.br
204464,Talíria Petrone,https://www.camara.leg.br/internet/deputado/bandep/204464.jpg,dep.taliriapetrone@camara.leg.br
220598,Tarcísio Motta,https://www.camara.leg.br/internet/deputado/bandep/220598.jpg,dep.tarcisiomotta@camara.leg.br
220560,Thiago de Joaldo,https://www.camara.leg.br/internet/deputado/bandep/220560.jpg,dep.thiagodejoaldo@camara.leg.br
220597,Thiago Flores,https://www.camara.leg.br/internet/deputado/bandep/220597.jpg,dep.thiagoflores@camara.leg.br
220684,Tião Medeiros,https://www.camara.leg.br/internet/deputado/bandep/220684.jpg,dep.tiaomedeiros@camara.leg.br
160976,Tiririca,https://www.camara.leg.br/internet/deputado/bandep/160976.jpg,dep.tiririca@camara.leg.br
178934,Toninho Wandscheer,https://www.camara.leg.br/internet/deputado/bandep/178934.jpg,dep.toninhowandscheer@camara.leg.br
157130,Túlio Gadêlha,https://www.camara.leg.br/internet/deputado/bandep/157130.jpg,dep.tuliogadelha@camara.leg.br
160610,Valmir Assunção,https://www.camara.leg.br/internet/deputado/bandep/160610.jpg,dep.valmirassuncao@camara.leg.br
74376,Vander Loubet,https://www.camara.leg.br/internet/deputado/bandep/74376.jpg,dep.vanderloubet@camara.leg.br
204396,Vermelho,https://www.camara.leg.br/internet/deputado/bandep/204396.jpg,dep.vermelho@camara.leg.br
74283,Vicentinho,https://www.camara.leg.br/internet/deputado/bandep/74283.jpg,dep.vicentinho@camara.leg.br
137070,Vicentinho Júnior,https://www.camara.leg.br/internet/deputado/bandep/137070.jpg,dep.vicentinhojunior@camara.leg.br
141555,Vinicius Carvalho,https://www.camara.leg.br/internet/deputado/bandep/141555.jpg,dep.viniciuscarvalho@camara.leg.br
160591,Vinicius Gurgel,https://www.camara.leg.br/internet/deputado/bandep/160591.jpg,dep.viniciusgurgel@camara.leg.br
178992,Vitor Lippi,https://www.camara.leg.br/internet/deputado/bandep/178992.jpg,dep.vitorlippi@camara.leg.br
91228,Waldemar Oliveira,https://www.camara.leg.br/internet/deputado/bandep/91228.jpg,dep.waldemaroliveira@camara.leg.br
160569,Waldenor Pereira,https://www.camara.leg.br/internet/deputado/bandep/160569.jpg,dep.waldenorpereira@camara.leg.br
160518,Weliton Prado,https://www.camara.leg.br/internet/deputado/bandep/160518.jpg,dep.welitonprado@camara.leg.br
74043,Wellington Roberto,https://www.camara.leg.br/internet/deputado/bandep/74043.jpg,dep.wellingtonroberto@camara.leg.br
224333,Welter,https://www.camara.leg.br/internet/deputado/bandep/224333.jpg,dep.welter@camara.leg.br
74044,Wilson Santiago,https://www.camara.leg.br/internet/deputado/bandep/74044.jpg,dep.wilsonsantiago@camara.leg.br
220564,Yandra Moura,https://www.camara.leg.br/internet/deputado/bandep/220564.jpg,dep.yandramoura@camara.leg.br
220660,Yury do Paredão,https://www.camara.leg.br/internet/deputado/bandep/220660.jpg,dep.yurydoparedao@camara.leg.br
230768,Zé Adriano,https://www.camara.leg.br/internet/deputado/bandep/230768.jpg,dep.zeadriano@camara.leg.br
220536,Zé Haroldo Cathedral,https://www.camara.leg.br/internet/deputado/bandep/220536.jpg,dep.zeharoldocathedral@camara.leg.br
204559,Zé Neto,https://www.camara.leg.br/internet/deputado/bandep/204559.jpg,dep.zeneto@camara.leg.br
160632,Zé Silva,https://www.camara.leg.br/internet/deputado/bandep/160632.jpg,dep.zesilva@camara.leg.br
220558,Zé Trovão,https://www.camara.leg.br/internet/deputado/bandep/220558.jpg,dep.zetrovao@camara.leg.br
204517,Zé Vitor,https://www.camara.leg.br/internet/deputado/bandep/204517.jpg,dep.zevitor@camara.leg.br
160592,Zeca Dirceu,https://www.camara.leg.br/internet/deputado/bandep/160592.jpg,dep.zecadirceu@camara.leg.br
220592,Zezinho Barbary,https://www.camara.leg.br/internet/deputado/bandep/220592.jpg,dep.zezinhobarbary@camara.leg.br
220552,Zucco,https://www.camara.leg.br/internet/deputado/bandep/220552.jpg,dep.zucco@camara.leg.br
